source_id,jurisdiction_id,title,publisher,source_class,official_status,source_type,frequency,coverage_note,matter_types,measure_domains,format,access_method,language,source_url,licence_status,priority,last_verified,notes
INT-CEPEJ-STAT,INT,CEPEJ-STAT dynamic database,Council of Europe CEPEJ,international,official,database,biennial,Data from 2010 onward; latest cycle may lag,all justice; family detail varies,flow;timeliness;inputs;quality,interactive/database,web,English;French,https://www.coe.int/en/web/cepej/cepej-stat,unknown,high,2026-07-31,"General Council of Europe terms reviewed; citation and bounded attributed non-commercial website reuse are described, but no source-specific licence for bulk CEPEJ database extraction or redistribution was established. Review occurred 2026-08-01 Australia/Sydney (2026-07-31 UTC). See docs/methods/high-priority-source-rights-review-2026-08-01.md."
SWE-DOMSTOLSVERKET,SWE,Official court statistics,Swedish National Courts Administration,national,official,database,annual,All Swedish courts handling family-law cases; case-type and time coverage varies,divorce;custody;residence;contact;maintenance;paternity;parenthood;other family,flow;pending;timeliness;outputs,HTML;XLSX;CSV,web,Swedish;English,https://www.domstol.se/domstolsverket/om-sveriges-domstolar/statistik-styrning-och-utveckling/statistik/officiell-domstolsstatistik/,unknown,high,2026-07-31,"Official response 19fb724483ce3802 confirms all-court family-law coverage, filed/determined/pending/processing-time measures, machine-readable tables, and case-type grain. Exact reuse terms and matter mappings remain unresolved. Review occurred 2026-08-01 Australia/Sydney (2026-07-31 UTC)."
INT-CEPEJ-2024,INT,European judicial systems — 2024 evaluation cycle,Council of Europe CEPEJ,international,official,report,biennial,2022 data across participating states/entities,all justice; family detail varies,flow;timeliness;inputs;quality,HTML;PDF;tables,download,English;French,https://www.coe.int/en/web/cepej/special-file,restricted_or_unknown,high,2026-07-31,"Council of Europe terms require prior permission for publication/document reproduction beyond stated citation and excerpt exceptions; attributed non-commercial website reuse is narrower than general redistribution. Review occurred 2026-08-01 Australia/Sydney (2026-07-31 UTC). See docs/methods/high-priority-source-rights-review-2026-08-01.md."
INT-NCSC-COURTOOLS,INT,CourTools,National Center for State Courts,international_method,authoritative_method,performance_framework,irregular,Court performance definitions and implementation tools,general and family examples,flow;timeliness;experience;process,HTML;PDF,download,English,https://www.ncsc.org/our-centers-projects/courtools,restricted_or_unknown,high,2026-07-31,"NCSC directs users to its library to request copyright permission; no open licence was identified. Metadata and original GFJD definitions may be retained, while source content redistribution stays blocked. Review occurred 2026-08-01 Australia/Sydney (2026-07-31 UTC). See docs/methods/high-priority-source-rights-review-2026-08-01.md."
INT-NCSC-FAMILY,INT,Family justice performance measures,National Center for State Courts,international_method,authoritative_method,performance_framework,irregular,Family Justice Initiative measures,domestic relations,flow;timeliness;process;outcomes,HTML,web,English,https://www.ncsc.org/resources-courts/family-justice-performance-measures,restricted_or_unknown,high,2026-07-31,"NCSC directs users to its library to request copyright permission; no open licence was identified for the reviewed performance-measures page. Reproduction stays blocked. Review occurred 2026-08-01 Australia/Sydney (2026-07-31 UTC). See docs/methods/high-priority-source-rights-review-2026-08-01.md."
INT-HCCH-CA,INT,Child Abduction Section and statistics/publications,Hague Conference on Private International Law,international,official,portal,irregular,1980 Convention operation and country materials,international child abduction;access,flow;timeliness;outputs,HTML;PDF,web;download,English;French;Spanish,https://www.hcch.net/en/instruments/conventions/specialised-sections/child-abduction,restricted_or_unknown,high,2026-07-31,"HCCH permits attributed non-commercial reproduction of website information, but publication and digital-product terms are more restrictive; mixed portal/publication/database content requires edition-level routing. Review occurred 2026-08-01 Australia/Sydney (2026-07-31 UTC). See docs/methods/high-priority-source-rights-review-2026-08-01.md."
INT-WJP-A2J,INT,Global Insights on Access to Justice,World Justice Project,international,non_government,survey_dataset,irregular,2019 survey covering 101 countries,family legal problems among wider civil justice needs,access;resolution;experience;impact,HTML;PDF;interactive,web;download,English,https://worldjusticeproject.org/access-to-justice-data/,restricted_or_unknown,medium,2026-07-19,People-centred complement to court administrative data
GBR-EAW-MOJ-FAMILY-Q,GBR-EAW,Family Court Statistics Quarterly,"Ministry of Justice, England and Wales",national,official,statistical_release,quarterly,Quarterly and annual series with downloadable tables,divorce;private law children;public law children;adoption;domestic violence;probate,flow;timeliness;pending_age;outputs,HTML;ODS;CSV,download,English,https://www.gov.uk/government/collections/family-court-statistics-quarterly,open_licence_verified,high,2026-07-31,"Exact 2026 Q1 CSV archive acquired and checksummed; publication and guide state OGL v3 except where otherwise stated. Clearance is edition-bound and does not imply taxonomy mapping, completeness, or readiness."
AUS-FCFCOA-AR,AUS,Federal Circuit and Family Court of Australia annual reports,Federal Circuit and Family Court of Australia,national,official,annual_report,annual,Post-2021 court structure plus historical predecessor reports,parenting;financial;divorce;other family law,flow;clearance;timeliness;inputs;services,PDF;HTML,download,English,https://www.fcfcoa.gov.au/fcfcoa-annual-reports,commonwealth_copyright_check,high,2026-07-19,Use historical court reports for longer series
NZL-MOJ-RESEARCH-DATA,NZL,Research and data — court workloads and family data,New Zealand Ministry of Justice,national,official,data_portal,semiannual_or_annual,"Workloads, family data tables and waiting-time publications",family applications;protection orders;care of children;adoption,flow;timeliness;experience,HTML;XLSX;PDF,download,English,https://www.justice.govt.nz/justice-sector-policy/research-data/,crown_copyright_check,high,2026-07-19,Correct URL/licence order should be checked before ingestion
SGP-JUD-STATS,SGP,Court caseload statistics,Singapore Judiciary,national,official,annual_statistics,annual,Annual caseload figures by court and broad family category,maintenance;protection;divorce;probate;youth,flow;clearance,HTML,web,English,https://www.judiciary.gov.sg/who-we-are/statistics,government_terms_check,high,2026-07-19,Broad family categories; limited detailed timeliness in headline tables
CAN-BC-PC-TTT,CAN-BC,Reports and court data — Time to Trial,Provincial Court of British Columbia,subnational,official,dashboard_and_reports,semiannual,Prospective first-available-date estimates by location and proceeding,family management conferences;family settlement conferences;family trials;child protection,prospective_wait;standards;inputs,HTML;PDF,download,English,https://provincialcourt.bc.ca/about-court/reports-and-court-data,government_terms_check,high,2026-07-19,Distinguish prospective queue from completed-case duration
USA-CA-JCC-CSR,USA-CA,Court Statistics Report,Judicial Council of California,subnational,official,annual_statistics,annual,Statewide and court-level filings/dispositions with family categories,marital;family petitions;juvenile;probate,flow;clearance;trials;inputs,PDF;tables,download,English,https://courts.ca.gov/news-reference/research-data/court-statistics,government_terms_check,high,2026-07-19,Definitions and local reporting variation require documentation
IND-NJDG,IND,National Judicial Data Grid,"Department of Justice / eCourts, India",national,official,live_dashboard,continuous,District/subordinate and higher-court pending/disposed/age dashboards,civil categories;family classification to validate,flow;pending_age;delay;demographic_flags,interactive,dashboard,English;Hindi,https://njdg.ecourts.gov.in/,government_terms_check,high,2026-07-19,Live values require dated snapshots and query documentation
BRA-CNJ-DATAJUD,BRA,DataJud public API,Conselho Nacional de Justiça,national,official,api,continuous,Public metadata from the national judiciary database; confidential cases protected,family case classes identifiable through national taxonomy,flow;timeliness;events;outputs,API;JSON,api,Portuguese,https://datajud-wiki.cnj.jus.br/api-publica/,government_terms_check,high,2026-07-19,High-value automated source; rate limits and taxonomy mapping needed
MEX-INEGI-CNIJE,MEX,Censo Nacional de Impartición de Justicia Estatal 2025,INEGI,national,official,census_dataset,annual,State justice census with a civil/family/commercial module,family;divorce;custody;support;protection and related categories,flow;process;inputs;alternative_dispute_resolution,HTML;PDF;data files,download,Spanish,https://www.inegi.org.mx/programas/cnije/2025/,government_open_data_check,high,2026-07-19,Strong statistical-office model; distinguish written and oral systems
ESP-CGPJ-DURATION,ESP,Estimated average duration of judicial proceedings,Consejo General del Poder Judicial,national,official,interactive_dashboard,annual,"Duration estimates by court type, procedure, year and geography",family procedures and enforcement,timeliness,interactive;HTML,dashboard,Spanish,https://www.poderjudicial.es/cgpj/es/Temas/Transparencia/Estimacion-de-los-tiempos-medios-de-duracion-de-los-procedimientos-judiciales/,government_terms_check,high,2026-07-19,Some durations are model-based estimates; retain methodology
ZAF-JUD-ANNUAL,ZAF,Judiciary annual reports and performance publications,South African Judiciary / Office of the Chief Justice,national,official,annual_report,annual,Court performance targets and annual accountability reports,family specificity varies by court/report,flow;timeliness;targets;inputs,PDF;HTML,download,English,https://www.judiciary.org.za/,government_terms_check,medium,2026-07-19,Map family jurisdiction across court levels and related Family Advocate reporting
GBR-EAW-NUFFIELD-DT,GBR-EAW,Family justice data tracker,Nuffield Family Justice Observatory,research,non_government,data_tracker,periodic,"Administrative and research data on children and families before, during and after proceedings",public and private law children,flow;demographics;outputs;outcomes,interactive;HTML,web,English,https://www.nuffieldfjo.org.uk/data-tracker,restricted_or_unknown,medium,2026-07-19,Model for accessible synthesis and gap mapping; not a substitute for primary sources
